<!--
  ~ Copyright (c) 2016 cocoon-data.com All rights reserved
  -->

<assembly>
    <id>package</id>
    <formats>
        <format>tar.gz</format>
    </formats>
    <includeBaseDirectory>true</includeBaseDirectory>
    <dependencySets>
        <dependencySet>
            <useProjectArtifact>false</useProjectArtifact>
            <outputDirectory>lib</outputDirectory>
            <scope>runtime</scope>
            <outputFileNameMapping>${artifact.artifactId}-${artifact.baseVersion}.${artifact.extension}
            </outputFileNameMapping>
        </dependencySet>
    </dependencySets>
    <files>
        <file>
            <source>target/${artifact.artifactId}-${artifact.baseVersion}.jar</source>
            <outputDirectory>./</outputDirectory>
        </file>
    </files>
    <fileSets>
        <fileSet>
            <directory>src/main/scripts</directory>
            <outputDirectory>./</outputDirectory>
            <includes>
                <include>start.sh</include>
                <include>stop.sh</include>
                <include>start.bat</include>
            </includes>
            <fileMode>0744</fileMode>
        </fileSet>
    </fileSets>
</assembly>
